上位のクエリ,クリック数,表示回数,CTR,掲載順位
コモンウェルスエンジニアーズ,48,65,73.85%,1.02
株式会社コモンウェルスエンジニアーズ,12,21,57.14%,1
cec japan,3,36,8.33%,5.44
cec tokyo,2,17,11.76%,1.76
commonwealth engineers,2,10,20.00%,5.3
コモンウェルス,2,905,0.22%,10.23
cesium bentley,1,1,100.00%,4
commonwealth engineers and consultants,1,3,33.33%,8.67
ギソンセメント,1,3,33.33%,19.67
伏木万葉埠頭バイオマス発電所,1,3,33.33%,13.67
350 mw,0,6,0.00%,31.67
aleppo thermal power plant,0,2,0.00%,8.5
cataller,0,2,0.00%,10.5
cec building,0,1,0.00%,1
cec engineering,0,2,0.00%,2
cec head office,0,1,0.00%,8
cec solutions,0,1,0.00%,10
civil company,0,1,0.00%,11
common wealth,0,8,0.00%,9.5
common wells,0,3,0.00%,12
commonwealth,0,2,0.00%,57
commonwealth design,0,1,0.00%,5
commonwealth engineering,0,1,0.00%,1
commonwealth engineers & consultants inc,0,1,0.00%,67
commonwealth engineers company,0,10,0.00%,2.9
commonwealth engineers inc,0,1,0.00%,1
commonwealth japan,0,1,0.00%,2
commonwealth projects,0,1,0.00%,9
construction agencies,0,1,0.00%,53
daiki naito,0,20,0.00%,5.3
hitachi lng terminal,0,4,0.00%,9.75
intern for civil engineering students,0,1,0.00%,1
isuzu commonwealth,0,2,0.00%,19.5
japan civil engineering market,0,9,0.00%,82.11
japan169,0,1,0.00%,48
japanese civil engineering companies,0,1,0.00%,90
joetsu lng terminal,0,3,0.00%,9
local guide program,0,1,0.00%,1
macca tokyo,0,1,0.00%,19
marifu,0,2,0.00%,8
marifu japan,0,1,0.00%,10
rucis株式会社,0,1,0.00%,12
sakai lng,0,1,0.00%,16
shimal gas,0,22,0.00%,4
shin sendai,0,4,0.00%,10.25
yokkaichi refinery,0,1,0.00%,19
zara power station,0,1,0.00%,8
zara powerplant,0,1,0.00%,10
こもんうぇる,0,2,0.00%,6.5
こもんうぇるす,0,6,0.00%,9.33
エンジニアース,0,8,0.00%,7.62
コモン ウェルス,0,3,0.00%,17.33
コモンウェル,0,24,0.00%,8.54
コモンウェルス 日本,0,18,0.00%,6.94
コモンウェルズ,0,27,0.00%,10.78
コモンウェールズ,0,3,0.00%,1
コモンウエルス,0,16,0.00%,3.62
デイストウキョウ株式会社,0,2,0.00%,40
トラス構造 学校,0,1,0.00%,9
ベントレー 会社説明会,0,29,0.00%,5.07
ベントレー 説明会,0,21,0.00%,3.05
上越建設,0,1,0.00%,1
千葉 火力発電所,0,1,0.00%,11
千葉火力,0,2,0.00%,10
千葉火力発電所,0,7,0.00%,14
基礎工事 派遣,0,2,0.00%,36
建設コンサルタント 英語,0,1,0.00%,81
日東電工 タイ,0,1,0.00%,11
株式会社cec,0,1,0.00%,14
株式会社エンジニアース,0,1,0.00%,16
磯子工業高校 学科,0,1,0.00%,1
長尾和樹,0,9,0.00%,11.33
