上位のページ,クリック数,表示回数,CTR,掲載順位
https://cectokyo.com/,94,1437,6.54%,8.43
https://cectokyo.com/about/,26,1099,2.37%,8.76
https://cectokyo.com/en/,16,285,5.61%,6.07
https://cectokyo.com/en/about/,7,397,1.76%,9.36
https://cectokyo.com/business/,4,960,0.42%,10.18
https://cectokyo.com/career/,3,909,0.33%,9.12
https://cectokyo.com/en/meet-daiki-naito-one-of-our-talented-engineers-and-learn-about-his-journey-at-our-company/?utm_source=rss&utm_medium=rss&utm_campaign=meet-daiki-naito-one-of-our-talented-engineers-and-learn-about-his-journey-at-our-company,2,37,5.41%,4.76
https://cectokyo.com/en/projects/qatargas-qgx2-project/,2,2,100.00%,1.5
https://cectokyo.com/projects/,2,477,0.42%,8.53
https://cectokyo.com/bentley-systems-regional-seminar-2025/,1,59,1.69%,4.97
https://cectokyo.com/challenge_engineer/,1,28,3.57%,4.5
https://cectokyo.com/chibaoffice-newopen-recruiting/,1,20,5.00%,10.7
https://cectokyo.com/contact/,1,861,0.12%,9.35
https://cectokyo.com/en/business/,1,63,1.59%,10.6
https://cectokyo.com/en/contact/,1,24,4.17%,6.58
https://cectokyo.com/en/projects/,1,9,11.11%,5.78
https://cectokyo.com/en/projects/aisin-guangzhou-auto-parts-plant/,1,9,11.11%,20.89
https://cectokyo.com/en/projects/aleppo-thermal-power-plant-pipe-station/,1,4,25.00%,9.5
https://cectokyo.com/en/projects/aleppo-thermal-power-plant-substation-1278mw-2/,1,3,33.33%,6
https://cectokyo.com/en/projects/fujisawa-city-recycling-center/,1,2,50.00%,7.5
https://cectokyo.com/en/projects/komatsu-refining-suzhou-plant/,1,8,12.50%,12.38
https://cectokyo.com/en/projects/negishi-plant-lng-tank-hemisphere-assembly-building/,1,1,100.00%,7
https://cectokyo.com/en/projects/negishi-refinery-no-3-power-plant-no-2-gas-turbine/,1,4,25.00%,6.5
https://cectokyo.com/interview/,1,16,6.25%,9
https://cectokyo.com/on-site-classes1/,1,11,9.09%,6.09
https://cectokyo.com/projects/denka-sip-plant-civil-engineering-project/,1,1,100.00%,2
https://cectokyo.com/projects/ginson-cement-manufacturing-plant/,1,5,20.00%,14.8
https://cectokyo.com/projects/marifu-no-2-power-plant-no-1-power-generation-facility-149mw/,1,9,11.11%,6
https://cectokyo.com/projects/page/36/,1,2,50.00%,3
https://cectokyo.com/projects/ryugasaki-governor-station-new-construction/,1,1,100.00%,4
https://cectokyo.com/projects/satl-sharp-thailand-plant/,1,21,4.76%,11
https://cectokyo.com/projects/smpc-project-chemical-plant/,1,7,14.29%,4.86
https://cectokyo.com/contact-thanks/,0,1,0.00%,1
https://cectokyo.com/en/career/,0,2,0.00%,4
https://cectokyo.com/en/contact-thanks/,0,3,0.00%,39
https://cectokyo.com/en/entry/,0,1,0.00%,8
https://cectokyo.com/en/internship-1/,0,13,0.00%,12
https://cectokyo.com/en/interview/,0,8,0.00%,31.88
https://cectokyo.com/en/news/,0,7,0.00%,6
https://cectokyo.com/en/on-site-classes1/,0,15,0.00%,4.93
https://cectokyo.com/en/on-site-classes2/,0,9,0.00%,7.89
https://cectokyo.com/en/participation-in-the-bentley-systems-yii-2024-going-digital-awards-project-submission-recognition-session/,0,1,0.00%,5
https://cectokyo.com/en/privacy/,0,2,0.00%,8
https://cectokyo.com/en/projects/%E5%B7%9D%E5%8F%A3%E3%81%82%E3%81%9A%E3%81%BE%E6%A9%8B-%EF%BD%B4%EF%BD%BA%EF%BD%BD%EF%BE%83%EF%BD%B0%EF%BD%BC%EF%BD%AE%EF%BE%9D%E6%96%B0%E8%A8%AD%E5%B7%A5%E4%BA%8B/,0,1,0.00%,47
https://cectokyo.com/en/projects/%E7%9F%B3%E7%8B%A9%E9%A2%A8%E5%8A%9B%E7%99%BA%E9%9B%BB%E8%A8%AD%E5%82%99/,0,1,0.00%,36
https://cectokyo.com/en/projects/aboshi-factory/,0,3,0.00%,7.33
https://cectokyo.com/en/projects/ageohirakata-lp-gas-base/,0,1,0.00%,5
https://cectokyo.com/en/projects/al-zara-thermal-power-plant-600mw/,0,19,0.00%,10.79
https://cectokyo.com/en/projects/anhui-conch-kawasaki-engineering-ph-aqc-boiler-supportframe/,0,1,0.00%,5
https://cectokyo.com/en/projects/arkopar-thermal-power-plant-3rd-phase-construction/,0,8,0.00%,10
https://cectokyo.com/en/projects/asia-cement-waste-heat-recovery-boiler-equipment-construction/,0,1,0.00%,1
https://cectokyo.com/en/projects/aurora-eos-project/,0,3,0.00%,5.33
https://cectokyo.com/en/projects/celii-coal-fired-power-plant/,0,1,0.00%,6
https://cectokyo.com/en/projects/chemical-plant/,0,2,0.00%,4.5
https://cectokyo.com/en/projects/chita-midorihama-factory-lpg-receiving-terminal/,0,1,0.00%,8
https://cectokyo.com/en/projects/cst-coke-gas-recovery-boiler-support-frame/,0,5,0.00%,25.8
https://cectokyo.com/en/projects/epcc-project-cement-plant/,0,1,0.00%,13
https://cectokyo.com/en/projects/factory-construction-project/,0,3,0.00%,69
https://cectokyo.com/en/projects/fortaleza-310-7mw-ccpp%EF%BE%8C%EF%BE%9F%EF%BE%9B%EF%BD%BC%EF%BE%9E%EF%BD%AA%EF%BD%B8%EF%BE%84/,0,1,0.00%,4
https://cectokyo.com/en/projects/fortaleza-power-plant-waste-heat-recovery-boiler-support/,0,2,0.00%,7
https://cectokyo.com/en/projects/genex-mizue-power-station-boiler-renewal-modification/,0,2,0.00%,16
https://cectokyo.com/en/projects/ginson-cement-manufacturing-plant/,0,4,0.00%,6.25
https://cectokyo.com/en/projects/guacorda-thermal-power-plant-2/,0,1,0.00%,10
https://cectokyo.com/en/projects/hachinohe-thermal-power-station-unit-5-newconstruction-project/,0,2,0.00%,11
https://cectokyo.com/en/projects/hekinan-thermal-power-station/,0,1,0.00%,8
https://cectokyo.com/en/projects/hibiki-lng-terminal-construction-project-intake-andrainwater-pit/,0,2,0.00%,118.5
https://cectokyo.com/en/projects/hitachi-lng-terminal/,0,8,0.00%,10.25
https://cectokyo.com/en/projects/hitachi-seaside-power-plant/,0,2,0.00%,9
https://cectokyo.com/en/projects/huntstown-combined-cycle-power-plant/,0,1,0.00%,5
https://cectokyo.com/en/projects/iro-thermal-power-plant-2-x-125mw/,0,2,0.00%,6
https://cectokyo.com/en/projects/ishikari-wind-power-equipment-2/,0,1,0.00%,3
https://cectokyo.com/en/projects/isuzu-motors-factory/,0,3,0.00%,14.33
https://cectokyo.com/en/projects/joetsu-lng-receiving-terminal-construction-project/,0,8,0.00%,8.12
https://cectokyo.com/en/projects/kamiiso-plant-waste-heat-power-generationfacility-construction/,0,1,0.00%,1
https://cectokyo.com/en/projects/kao-thailand-plant/,0,1,0.00%,15
https://cectokyo.com/en/projects/katta-power-plant-new-unit-1-t-g/,0,1,0.00%,10
https://cectokyo.com/en/projects/kitakyushu-factory-expansion-work/,0,1,0.00%,9
https://cectokyo.com/en/projects/klcc-dcc-project/,0,2,0.00%,7
https://cectokyo.com/en/projects/klcc-dcc2-project/,0,5,0.00%,7.4
https://cectokyo.com/en/projects/kofu-gas-relay-station/,0,1,0.00%,6
https://cectokyo.com/en/projects/koshi-nuclear-power-station/,0,1,0.00%,1
https://cectokyo.com/en/projects/marifu-no-2-power-plant-no-1-power-generation-facility-149mw/,0,1,0.00%,11
https://cectokyo.com/en/projects/marifu-refinery/,0,10,0.00%,6.2
https://cectokyo.com/en/projects/matsuura-power-plant-unit-2-flue-gas-desulfurization-equipment/,0,2,0.00%,11.5
https://cectokyo.com/en/projects/muara-karang-thermal-power-plant/,0,2,0.00%,1
https://cectokyo.com/en/projects/nakazato-governor-station-new-construction/,0,2,0.00%,9.5
https://cectokyo.com/en/projects/negishi-plant-lpg-shipping-facility/,0,1,0.00%,6
https://cectokyo.com/en/projects/new-chusode-power-station-newconstruction-project/,0,1,0.00%,217
https://cectokyo.com/en/projects/new-omekawa-power-station/,0,3,0.00%,3.67
https://cectokyo.com/en/projects/nisshinbo-thailand-factory/,0,1,0.00%,14
https://cectokyo.com/en/projects/nittetsu-electronics-malaysia-factory/,0,5,0.00%,6.6
https://cectokyo.com/en/projects/nong-chauk-thermal-power-plant/,0,3,0.00%,5
https://cectokyo.com/en/projects/page/30/,0,4,0.00%,8.25
https://cectokyo.com/en/projects/page/36/,0,1,0.00%,20
https://cectokyo.com/en/projects/pasir-gudang-thermal-power-plant/,0,1,0.00%,20
https://cectokyo.com/en/projects/petro-rabigh-oil-refinery/,0,1,0.00%,240
https://cectokyo.com/en/projects/pnc-eor-project/,0,2,0.00%,23
https://cectokyo.com/en/projects/ratchaburi-thermal-power-plant-1400mw/,0,1,0.00%,3
https://cectokyo.com/en/projects/sakai-lng-center-construction-project/,0,2,0.00%,8.5
https://cectokyo.com/en/projects/sakura-governor-station/,0,1,0.00%,4
https://cectokyo.com/en/projects/sasol-project/,0,2,0.00%,103.5
https://cectokyo.com/en/projects/sbr-project/,0,1,0.00%,4
https://cectokyo.com/en/projects/senboku-natural-gas-power-station-units-3-and-4-300mwx-2/,0,3,0.00%,9
https://cectokyo.com/en/projects/seraya-island-chemical-plant/,0,2,0.00%,2.5
https://cectokyo.com/en/projects/shanghai-cataller/,0,3,0.00%,10.67
https://cectokyo.com/en/projects/shimal-gas-combined-cycle/,0,22,0.00%,4
https://cectokyo.com/en/projects/shin-sendai-thermal-power-plant/,0,12,0.00%,8.83
https://cectokyo.com/en/projects/silicon-manufacturing-plant/,0,8,0.00%,3.25
https://cectokyo.com/en/projects/sodegaura-plant-recovery-pit-design/,0,1,0.00%,5
https://cectokyo.com/en/projects/sodegaura-plant-va-1vg-and-other-new-constructionproject/,0,2,0.00%,1.5
https://cectokyo.com/en/projects/soma-biomass-power-plant/,0,1,0.00%,5
https://cectokyo.com/en/projects/storage-facility-foundation-construction/,0,1,0.00%,3
https://cectokyo.com/en/projects/sumitomo-chemical-wuxi-plant/,0,2,0.00%,48.5
https://cectokyo.com/en/projects/suzuki-myanmar-factory/,0,2,0.00%,9.5
https://cectokyo.com/en/projects/takahama-power-plant-2/,0,1,0.00%,10
https://cectokyo.com/en/projects/tienshu-tennis-equipment-factory/,0,1,0.00%,10
https://cectokyo.com/en/projects/tnv-project/,0,1,0.00%,7
https://cectokyo.com/en/projects/tokuyama-east-power-station-unit-3-generation-equipment%E5%B0%8E%E5%85%A5%E3%81%AB%E4%BC%B4%E3%81%86%E5%9C%9F%E5%BB%BA/,0,5,0.00%,63
https://cectokyo.com/en/projects/transformer-recycling-center-upper-building/,0,1,0.00%,150
https://cectokyo.com/en/projects/ukishima-plant-4eo-productionexpansion-reactor-pilot-plant/,0,1,0.00%,100
https://cectokyo.com/en/projects/yokkaichi-refinery-kasumi-power-plant-office-building/,0,5,0.00%,6.8
https://cectokyo.com/entry/,0,432,0.00%,11.2
https://cectokyo.com/internship-1/,0,9,0.00%,11.11
https://cectokyo.com/internship-recruitment-announcement/,0,7,0.00%,6.29
https://cectokyo.com/news/,0,293,0.00%,10.78
https://cectokyo.com/on-site-classes2/,0,20,0.00%,5.15
https://cectokyo.com/privacy/,0,248,0.00%,10.71
https://cectokyo.com/projects/%E5%85%AB%E6%88%B8%E8%A3%BD%E7%B4%99%E5%B7%A5%E5%A0%B4/,0,1,0.00%,21
https://cectokyo.com/projects/%E5%8C%96%E5%AD%A6%EF%BE%8C%EF%BE%9F%EF%BE%97%EF%BE%9D%EF%BE%84%E5%B7%A5%E5%A0%B4%E5%BB%BA%E8%A8%AD%E5%B7%A5%E4%BA%8B/,0,2,0.00%,6.5
https://cectokyo.com/projects/%E5%9B%9B%E6%97%A5%E5%B8%82%E5%B7%A5%E5%A0%B4%E6%B0%B4%E7%B4%A0%E8%A3%BD%E9%80%A0%E8%A3%85%E7%BD%AE%E5%BB%BA%E8%A8%AD%E5%B7%A5%E4%BA%8B/,0,1,0.00%,7
https://cectokyo.com/projects/%E6%A0%B9%E5%B2%B8%E8%A3%BD%E6%B2%B9%E6%89%80%E7%AD%89%EF%BD%B5%EF%BE%9D%EF%BD%BB%EF%BD%B2%EF%BE%84%E6%9E%B6%E6%A7%8B/,0,1,0.00%,9
https://cectokyo.com/projects/%EF%BD%B4%EF%BE%8C%EF%BE%9F%EF%BD%BF%EF%BE%9D%EF%BE%8C%EF%BD%A8%EF%BE%98%EF%BE%8B%EF%BE%9F%EF%BE%9D%E5%B7%A5%E5%A0%B4/,0,1,0.00%,8
https://cectokyo.com/projects/%EF%BE%84%EF%BE%9E%EF%BE%8A%EF%BE%9E%EF%BD%B2%E7%A9%BA%E6%B8%AF-apm/,0,2,0.00%,6.5
https://cectokyo.com/projects/%EF%BE%86%EF%BD%AD%EF%BD%B0%EF%BD%B2%EF%BE%9D%EF%BD%B8%EF%BE%9E%EF%BE%97%EF%BE%9D%EF%BE%84%EF%BE%9E%E7%81%AB%E5%8A%9B%E7%99%BA%E9%9B%BB%E6%89%80gtg%EF%BD%B4%EF%BE%9D%EF%BD%B8%EF%BE%9B%EF%BD%B0/,0,1,0.00%,1
https://cectokyo.com/projects/al-zara-thermal-power-plant-600mw/,0,4,0.00%,8.25
https://cectokyo.com/projects/aleppo-thermal-power-plant-substation-1278mw/,0,1,0.00%,7
https://cectokyo.com/projects/cement-plant-construction-work/,0,1,0.00%,1
https://cectokyo.com/projects/chemical-plant/,0,7,0.00%,2.14
https://cectokyo.com/projects/chiba-prefecture-minatomachi-governor-station/,0,1,0.00%,5
https://cectokyo.com/projects/chiba-thermal-power-plant-no-1-and-no-2-series-1440mw-x-2/,0,13,0.00%,13.46
https://cectokyo.com/projects/cp-1-thermal-power-plant/,0,5,0.00%,6.6
https://cectokyo.com/projects/epcc-project-cement-plant/,0,1,0.00%,7
https://cectokyo.com/projects/epson-philippines-factory/,0,1,0.00%,11
https://cectokyo.com/projects/genex-mizue-power-station-boiler-renewal-modification/,0,2,0.00%,12
https://cectokyo.com/projects/guacolda-power-station-unit-3-150mw/,0,2,0.00%,9.5
https://cectokyo.com/projects/hekinan-thermal-power-station/,0,1,0.00%,9
https://cectokyo.com/projects/hibiki-lng-terminal-construction-project-intake-andrainwater-pit/,0,2,0.00%,10
https://cectokyo.com/projects/ipp-ube-power-plant-water-intake-and-discharge-facility/,0,1,0.00%,6
https://cectokyo.com/projects/ishikari-wind-power-equipment-2/,0,1,0.00%,10
https://cectokyo.com/projects/jandar-thermal-power-plant-2-x-350mw/,0,7,0.00%,28
https://cectokyo.com/projects/kawaguchi-azuma-bridge-eco-station-construction/,0,1,0.00%,10
https://cectokyo.com/projects/kawasaki-natural-gas-power-stationunits-1-and-2-900mw/,0,1,0.00%,38
https://cectokyo.com/projects/kawasaki-power-plant-boiler-steel-frame/,0,5,0.00%,2.6
https://cectokyo.com/projects/keephills-3-power-station-project/,0,1,0.00%,11
https://cectokyo.com/projects/klcc-dcc2-project/,0,1,0.00%,9
https://cectokyo.com/projects/krakatau-steelworks-expansion-project/,0,1,0.00%,10
https://cectokyo.com/projects/macca-yanbu-water-production-plant/,0,1,0.00%,19
https://cectokyo.com/projects/machida-zushi-eco-station-construction/,0,3,0.00%,10.33
https://cectokyo.com/projects/machine-rock-thermal-power-plant/,0,5,0.00%,9.4
https://cectokyo.com/projects/marifu-refinery/,0,3,0.00%,9.67
https://cectokyo.com/projects/matsuura-power-plant-unit-2-flue-gas-desulfurization-equipment/,0,1,0.00%,1
https://cectokyo.com/projects/mgi-project/,0,1,0.00%,9
https://cectokyo.com/projects/minamisoma-substation/,0,1,0.00%,14
https://cectokyo.com/projects/niigata-hds-facility/,0,1,0.00%,12
https://cectokyo.com/projects/nittetsu-electronics-malaysia-factory/,0,3,0.00%,8.67
https://cectokyo.com/projects/nitto-denko-thailand-factory/,0,1,0.00%,11
https://cectokyo.com/projects/nuclear-power-plant/,0,1,0.00%,7
https://cectokyo.com/projects/oyazawa-plant/,0,1,0.00%,1
https://cectokyo.com/projects/page/23/,0,1,0.00%,6
https://cectokyo.com/projects/page/29/,0,3,0.00%,7
https://cectokyo.com/projects/page/31/,0,1,0.00%,8
https://cectokyo.com/projects/page/35/,0,3,0.00%,11
https://cectokyo.com/projects/page/39/,0,1,0.00%,8
https://cectokyo.com/projects/page/41/,0,1,0.00%,6
https://cectokyo.com/projects/page/43/,0,1,0.00%,18
https://cectokyo.com/projects/pasir-gudang-thermal-power-plant/,0,2,0.00%,10
https://cectokyo.com/projects/plastic-manufacturing-factory/,0,1,0.00%,1
https://cectokyo.com/projects/ratchaburi-thermal-power-plant-1400mw/,0,2,0.00%,7
https://cectokyo.com/projects/ratchaburi-thermal-power-plant-phase-ii/,0,3,0.00%,8
https://cectokyo.com/projects/ryonan-factory/,0,2,0.00%,9.5
https://cectokyo.com/projects/saitama-arena-moving-seating-structure/,0,2,0.00%,3
https://cectokyo.com/projects/sakura-eco-plant/,0,4,0.00%,8
https://cectokyo.com/projects/samukawa-tabata-eco-station-new-construction/,0,5,0.00%,7.6
https://cectokyo.com/projects/samur-project/,0,1,0.00%,6
https://cectokyo.com/projects/sano-governor-station/,0,3,0.00%,6.67
https://cectokyo.com/projects/shintech-vcm2-expansion-project-2/,0,6,0.00%,8.67
https://cectokyo.com/projects/toyoda-gosei-airbag-factory/,0,2,0.00%,7.5
https://cectokyo.com/projects/transformer-recycling-center-upper-building/,0,1,0.00%,8
https://cectokyo.com/projects/yokkaichi-plant-spherical-tank-equipment-new-construction/,0,1,0.00%,3
https://cectokyo.com/projects/yokohama-thermal-power-plant-expansion-construction-2/,0,1,0.00%,2
https://cectokyo.com/projects/zhuhai-thermal-power-plant/,0,3,0.00%,8
https://cectokyo.com/wp-content/uploads/2025/05/%E6%94%B9%E6%AD%A3%E6%B4%BE%E9%81%A3%E6%B3%95%E3%81%AB%E5%9F%BA%E3%81%A5%E3%81%8F%E3%83%9E%E3%83%BC%E3%82%B8%E3%83%B3%E7%8E%87%E3%81%AE%E5%85%AC%E9%96%8B.pdf,0,42,0.00%,9.43
